<?xml version="1.0" encoding="UTF-8"?>
<extension version="3.8" type="plugin" group="system" method="upgrade">
	<name>System - Feed Email Editor Plugin</name>
	<author>Polyna-Maude R.-Summerside</author>
	<creationDate>January 2018</creationDate>
	<copyright>Copyright (c) 2017-2018 Polyna-Maude R.-Summerside. All rights reserved</copyright>
	<license>Use restricted, no copy allowed</license>
	<authorEmail>me@polynamaude.com</authorEmail>
	<authorUrl>www.polynamaude.com</authorUrl>
	<version>0.8</version>
	<description>PLG_SYSTEM_FEEDFIX_XML_DESC</description>
	<files>
		<filename plugin="feedfix">feedfix.php</filename>
		<filename>index.html</filename>
		<folder>language</folder>
	</files>
	<languages folder="language">
		<language tag="fr-CA">fr-CA/fr-CA.plg_system_feedfix.sys.ini</language>
		<language tag="fr-FR">fr-FR/fr-FR.plg_system_feedfix.sys.ini</language>
		<language tag="en-US">en-US/en-US.plg_system_feedfix.sys.ini</language>
		<language tag="en-GB">en-GB/en-GB.plg_system_feedfix.sys.ini</language>
	</languages>
	<config>
	<fields name="params">
		<fieldset name="basic"
		label="PLG_SYSTEM_FEEDFIX_PARAMS_LABEL"
		>
			<field name="authorempty" type="list"
				description="PLG_SYSTEM_FEEDFIX_FIELD_AEMPTY_DESC"
				label="PLG_SYSTEM_FEEDFIX_FIELD_AEMPTY_LABEL"
				default="1">
					<option value="0">JNO</option>
					<option value="1">JYES</option>
				</field>
			<field name="authoremail" type="email"
				description="PLG_SYSTEM_FEEDFIX_FIELD_AEMAIL_DESC"
				label="PLG_SYSTEM_FEEDFIX_FIELD_AEMAIL_LABEL"
				size="25"
				default="noemail@nodomain.com"
				showon="authorempty:0"
				/>
			<field name="editorempty" type="list"
				description="PLG_SYSTEM_FEEDFIX_FIELD_EEMPTY_DESC"
				label="PLG_SYSTEM_FEEDFIX_FIELD_EEMPTY_LABEL"
				default="1">
					<option value="0">JNO</option>
					<option value="1">JYES</option>
				</field>
			<field name="editoremail" type="email"
				description="PLG_SYSTEM_FEEDFIX_FIELD_EEMAIL_DESC"
				label="PLG_SYSTEM_FEEDFIX_FIELD_EEMAIL_LABEL"
				size="25"
				default="noemail@nodomain.com"
				showon="editorempty:0"
				/>
		</fieldset>
	</fields>
	</config>
</extension>